{"cameraMode":{"drawMode":0,"name":"Shaded","section":"Shading Mode"},"sceneLighting":false,"audioPlay":false,"sceneViewState":{"m_AlwaysRefresh":false,"showFog":true,"showSkybox":true,"showFlares":true,"showImageEffects":true,"showParticleSystems":true,"showVisualEffectGraphs":true,"m_FxEnabled":true},"in2DMode":false,"pivot":{"x":-0.46074458956718447,"y":1.030757188796997,"z":-2.444999933242798},"rotation":{"x":-0.3028467297554016,"y":-0.025456218048930169,"z":0.00810970552265644,"w":-0.9526172876358032},"size":0.5354025363922119,"orthographic":false}