{"cameraMode":{"drawMode":0,"name":"Shaded","section":"Shading Mode"},"sceneLighting":false,"audioPlay":false,"sceneViewState":{"m_AlwaysRefresh":false,"showFog":true,"showSkybox":true,"showFlares":true,"showImageEffects":true,"showParticleSystems":true,"showVisualEffectGraphs":true,"m_FxEnabled":true},"in2DMode":false,"pivot":{"x":-2.631525993347168,"y":1.0938096046447755,"z":-2.7998034954071047},"rotation":{"x":0.0894201248884201,"y":0.6896541118621826,"z":-0.08658182621002197,"w":0.7131947875022888},"size":0.24981677532196046,"orthographic":false}