{"cameraMode":{"drawMode":0,"name":"Shaded","section":"Shading Mode"},"sceneLighting":false,"audioPlay":false,"sceneViewState":{"m_AlwaysRefresh":false,"showFog":true,"showSkybox":false,"showFlares":true,"showImageEffects":true,"showParticleSystems":true,"showVisualEffectGraphs":true,"m_FxEnabled":true},"in2DMode":false,"pivot":{"x":0.0893787145614624,"y":0.922818660736084,"z":0.09399595856666565},"rotation":{"x":-0.15765760838985444,"y":-0.5412124991416931,"z":0.09978870302438736,"w":-0.8189707398414612},"size":0.275396466255188,"orthographic":false}